{
  "test_metrics": {
    "mse": 0.00042123777219784015,
    "rmse": 0.020524077864738286,
    "r2": 0.8379603888296151
  },
  "train_metrics": {
    "mse": 0.0003603080423019943,
    "rmse": 0.018981781852660574,
    "r2": 0.8614166231981686
  },
  "val_metrics": {
    "mse": 0.0004247964790668,
    "rmse": 0.020610591429330697,
    "r2": 0.838940174021399
  },
  "data_splits": {
    "train_size": 894376,
    "val_size": 111785,
    "test_size": 111796
  }
}